id|name|type|edition|version|errata_date|errata_link|
000000001|Warhammer 40,000|Rulebook|9|Indomitus 1.2|07.01.2021 0:00:00|https://www.warhammer-community.com/wp-content/uploads/2020/08/UCwQJcYgHo0Gztjk.pdf|
000000002|Chaos|Index|8|1.4|16.04.2018 0:00:00|https://whc-cdn.games-workshop.com/wp-content/uploads/2017/11/warhammer_40000_index_chaos_en-1.pdf|
000000003|Imperium 1|Index|8|1.3(?)|03.09.2019 0:00:00|https://www.warhammer-community.com/wp-content/uploads/2019/09/warhammer_40000_space_marines_errata_en-1.pdf|
000000004|Imperium 2|Index|8|1.3|16.04.2018 0:00:00|https://whc-cdn.games-workshop.com/wp-content/uploads/2018/04/warhammer_40000_index_imperium_2_en-2.pdf|
000000005|Xenos 1|Index|8|1.4|28.09.2018 0:00:00|https://whc-cdn.games-workshop.com/wp-content/uploads/2018/04/warhammer_40000_index_xenos_1_en.pdf|
000000006|Xenos 2|Index|8|1.4|28.09.2018 0:00:00|https://whc-cdn.games-workshop.com/wp-content/uploads/2018/04/warhammer_40000_index_xenos_2_en.pdf|
000000007|Imperial Armour: Xenos|Index|8|Indomitus 1.0|13.07.2020 0:00:00|https://www.warhammer-community.com/wp-content/uploads/2019/09/EunC78FGirlq7ljn.pdf|
000000008|Imperial Armour: Forces of the Astra Militarum|Index|8|Indomitus 1.0|13.07.2020 0:00:00|https://www.warhammer-community.com/wp-content/uploads/2019/09/tgQpUPFPrrnFQieo.pdf|
000000009|Imperial Armour: Forces of Chaos|Index|8|Indomitus 1.0|13.07.2020 0:00:00|https://www.warhammer-community.com/wp-content/uploads/2019/09/tgQpUPFPrrnFQieo.pdf|
000000010|Imperial Armour: Forces of the Adeptus Astartes|Index|8|Indomitus 1.0|13.07.2020 0:00:00|https://www.warhammer-community.com/wp-content/uploads/2019/09/cukA8B58izV43IRs.pdf|
000000012|Chaos Space Marines|Codex|9|Indomitus 1.0|17.08.2022 0:00:00|https://www.warhammer-community.com/wp-content/uploads/2019/09/Do1k9XQGiMeS56lF.pdf|
000000013|Grey Knights|Codex|9|Indomitus 1.1|04.07.2022 0:00:00|https://www.warhammer-community.com/wp-content/uploads/2019/09/G7vWyfiCnNxmorGC.pdf|
000000014|Death Guard|Codex|9|Indomitus 1.1|02.06.2021 0:00:00|https://www.warhammer-community.com/wp-content/uploads/2021/02/91DjXxyjTxjobzDb.pdf|
000000015|Adeptus Mechanicus|Codex|9|Indomitus 1.3|04.07.2022 0:00:00|https://www.warhammer-community.com/wp-content/uploads/2019/09/S8LXbidg8ZkkK8Jv.pdf|
000000016|Astra Militarum|Codex|8|Indomitus 1.2|04.02.2022 0:00:00|https://www.warhammer-community.com/wp-content/uploads/2019/09/IVAZqTmoxbmsFHCr.pdf|
000000017|Craftworlds|Codex|8|Indomitus 1.2|02.06.2021 0:00:00|https://www.warhammer-community.com/wp-content/uploads/2019/09/xwweqZyBzcKzqXm8.pdf|
000000018|Chapter Approved ’2017|Expansion|8|1.1|16.04.2018 0:00:00|https://whc-cdn.games-workshop.com/wp-content/uploads/2017/12/warhammer_40000_chapter_approved_2017_en-1-1.pdf|
000000019|Bonesinger|Made to Order|8||15.10.2017 0:00:00|https://whc-cdn.games-workshop.com/wp-content/uploads/2017/10/ENG_Bonesinger.pdf|
000000020|Tyranids|Codex|9|Indomitus 1.0|13.05.2022 0:00:00|https://www.warhammer-community.com/wp-content/uploads/2019/09/MlX8DsXkD19YhnUE.pdf|
000000021|Blood Angels|Codex Supplement|9|Indomitus 1.0|07.01.2021 0:00:00|https://www.warhammer-community.com/wp-content/uploads/2021/01/vGB1VceOfqSkvmVD.pdf|
000000022|Sly Marbo|Made to Order|8||01.01.0001 0:00:00||
000000023|Dark Angels|Codex Supplement|9|Indomitus 1.0|29.03.2021 0:00:00|https://www.warhammer-community.com/wp-content/uploads/2021/03/MMK94Rg8eWI6hmLN.pdf|
000000024|Adeptus Custodes|Codex|9|Indomitus 1.1|04.07.2022 0:00:00|https://www.warhammer-community.com/wp-content/uploads/2019/04/MNldQR5DtlFwbAsr.pdf|
000000025|Chaos Daemons|Codex|8|Indomitus 1.3|04.02.2022 0:00:00|https://www.warhammer-community.com/wp-content/uploads/2019/04/mPMaIYNUuUTWI5Xt.pdf|
000000026|Forge World: Adeptus Custodes Rules Preview|Datasheet|8||13.02.2018 0:00:00|https://whc-cdn.games-workshop.com/wp-content/uploads/2018/02/AdeptusCustodes-Preview-Feb2018.pdf|
000000027|Thousand Sons|Codex|9|Indomitus 1.1|04.02.2022 0:00:00|https://www.warhammer-community.com/wp-content/uploads/2019/09/eBNLlgiaUtiWZCn2.pdf|
000000028|T’au Empire|Codex|9|Indomitus 1.1|04.07.2022 0:00:00|https://www.warhammer-community.com/wp-content/uploads/2019/10/DicgJsW4jzTk2m6m.pdf|
000000029|Necrons|Codex|9|Indomitus 1.3|04.02.2022 0:00:00|https://www.warhammer-community.com/wp-content/uploads/2019/04/zcfdrUUUvzVxE3wY.pdf|
000000030|Forge World: Legio Custodes Telemon Heavy Dreadnought|Datasheet|8||10.05.2018 0:00:00|https://www.forgeworld.co.uk/resources/PDF/Downloads/40k-Adeptus-Custodes-Telemon-2018.pdf|
000000031|Drukhari|Codex|9|Indomitus 1.3|04.07.2022 0:00:00|https://www.warhammer-community.com/wp-content/uploads/2019/05/sXNzDZ7qYnet03Bq.pdf|
000000032|Harlequins|Codex|8|Indomitus 1.4|02.06.2021 0:00:00|https://www.warhammer-community.com/wp-content/uploads/2019/04/x0r97zajzdO9Idqz.pdf|
000000033|Renegade Knights|Index|8|1.0|28.09.2018 0:00:00|https://whc-cdn.games-workshop.com/wp-content/uploads/2018/06/warhammer_40000_index_renegade_knights_en.pdf|
000000034|Imperial Knights|Codex|9|Indomitus 1.0|29.06.2022 0:00:00|https://www.warhammer-community.com/wp-content/uploads/2019/05/Xr11yNOv7cQZtOls.pdf|
000000035|Deathwatch|Codex Supplement|9|Indomitus 1.2|04.07.2022 0:00:00|https://www.warhammer-community.com/wp-content/uploads/2020/12/JJh6IkDxZZpa8tPh.pdf|
000000036|Space Wolves|Codex Supplement|9|Indomitus 1.0|17.12.2020 0:00:00|https://www.warhammer-community.com/wp-content/uploads/2020/12/s69zaNVopCLyoo3F.pdf|
000000037|Forge World: Astraeus Super-heavy Tank|Datasheet|8||12.10.2017 0:00:00|https://www.forgeworld.co.uk/resources/PDF/Downloads/Astraeus-Super-heavy-Tank-Download-2017.pdf|
000000038|Forge World: Gabriel Angelos|Datasheet|8||28.07.2017 0:00:00|https://www.forgeworld.co.uk/resources/PDF/Downloads/Gabriel%20Angelos%20web%20download%20v2.pdf|
000000039|Forge World: Relic Sicaran Arcus Strike Tank|Datasheet|8||04.08.2017 0:00:00|https://www.forgeworld.co.uk/resources/PDF/Downloads/Relic%20Sicaran%20Arcus%20Strike%20Tank%20Download.pdf|
000000040|Forge World: Relic Sicaran Omega Tank Destroyer|Datasheet|8||08.09.2017 0:00:00|https://www.forgeworld.co.uk/resources/PDF/Downloads/Relic%20Sicaran%20Omega%20Tank%20Destroyer.pdf|
000000041|Forge World: Tiger Shark AX-1-0|Datasheet|8||01.10.2017 0:00:00|https://www.forgeworld.co.uk/resources/PDF/Downloads/Tiger%20Shark%20AX-1-0.pdf|
000000042|Forge World: Tiger Shark|Datasheet|8||10.11.2017 0:00:00|https://www.forgeworld.co.uk/resources/PDF/Downloads/Tiger%20Shark.pdf|
000000043|Forge World: Termite Assault Drill|Datasheet|8||15.06.2018 0:00:00|https://www.forgeworld.co.uk/resources/PDF/Downloads/warhammer_40000_termite_assault_drill_en.pdf|
000000044|Forge World: Secutarii Peltasts|Datasheet|8||15.06.2018 0:00:00|https://www.forgeworld.co.uk/resources/PDF/Downloads/warhammer_40000_secutarii_peltasts_en.pdf|
000000045|Forge World: Secutarii Hoplites|Datasheet|8||15.06.2018 0:00:00|https://www.forgeworld.co.uk/resources/PDF/Downloads/warhammer_40000_secutarii_hoplites_en.pdf|
000000046|Orks|Codex|9|Indomitus 1.2|26.07.2022 0:00:00|https://www.warhammer-community.com/wp-content/uploads/2019/09/BGgBglAmbHKOYysD.pdf|
000000047|Tooth and Claw|Expansion|8||15.08.2018 0:00:00||
000000048|Designers’ Commentary|Rulebook|8|1.4|29.04.2019 0:00:00|https://www.warhammer-community.com/wp-content/uploads/2018/09/warhammer_40000_rulebook_en-3.pdf|
000000049|Stepping into a New Edition of Warhammer 40,000|Rulebook|8||01.07.2017 0:00:00|https://whc-cdn.games-workshop.com/wp-content/uploads/2017/11/warhammer_40000_stepping_into_a_new_edition_en.pdf|
000000050|Chapter Approved ’2018|Expansion|8|1.2|27.09.2019 0:00:00|https://www.warhammer-community.com/wp-content/uploads/2019/05/warhammer_40000_chapter_approved_2018_en.pdf|
000000051|Imperium Nihilus: Vigilus Defiant|Expansion|8|Indomitus 1.1|27.07.2020 0:00:00|https://www.warhammer-community.com/wp-content/uploads/2019/10/7slWACKe0or8JFzM.pdf|
000000052|Forge World: Adeptus Custodes Datasheets|Datasheet|8||30.08.2019 0:00:00|https://www.forgeworld.co.uk/resources/PDF/fw_warscrolls/40K_Adeptus_Custodes_FW_Datasheets_Ares.pdf|
000000053|Genestealer Cults|Codex|9|Indomitus 1.1|04.07.2022 0:00:00|https://www.warhammer-community.com/wp-content/uploads/2019/09/HcRU2JKXHoXqrGzd.pdf|
000000054|Forge World: Seraptek Heavy Construct|Datasheet|8||02.11.2018 0:00:00|https://www.forgeworld.co.uk/resources/PDF/Downloads//Forgeworld_Necron_Seraptek_Datasheet.pdf|
000000055|Games Workshop: Commissar Severina Raine|Datasheet|8||17.02.2019 0:00:00|https://whc-cdn.games-workshop.com/wp-content/uploads/2019/02/40K_AM_Severina_Raine_Datasheet_ENG.pdf|
000000056|Games Workshop: Inquisitor Eisenhorn|Datasheet|8||03.02.2018 0:00:00|https://whc-cdn.games-workshop.com/wp-content/uploads/2018/02/InquisitorEisenhorn-Datasheet-Feb2018.pdf|
000000057|Index Imperialis: Assassins|White Dwarf|8|1.0|30.09.2019 0:00:00|https://www.warhammer-community.com/wp-content/uploads/2019/09/warhammer_40000_index_officio_assassinorum_en.pdf|
000000058|Games Workshop: Tech-Priest Manipulus|Datasheet|8||25.01.2019 0:00:00||
000000060|Imperium Nihilus: Vigilus Ablaze|Expansion|8|Indomitus 1.0|13.07.2020 0:00:00|https://www.warhammer-community.com/wp-content/uploads/2019/04/F3uMw2tR6nB9O4oh.pdf|
000000061|Realm of Chaos: Wrath and Rapture|Boxset|8||12.12.2018 0:00:00||
000000062|Warhammer Quest: Blackstone Fortress|Boxset|8||10.11.2018 0:00:00||
000000063|Vanguard Space Marines|Codex|8|1.0|29.04.2019 0:00:00|https://www.warhammer-community.com/wp-content/uploads/2019/04/warhammer_40000_shadowspear_en-1.pdf|
000000064|Warhammer 40,000 Update 09’2019|Rulebook|8||27.09.2019 0:00:00|https://www.warhammer-community.com/wp-content/uploads/2019/09/warhammer_40000_september_update_2019_en.pdf|
000000065|Kill Team: Rogue Trader|Boxset|8|Indomitus 1.0|13.07.2020 0:00:00|https://www.warhammer-community.com/wp-content/uploads/2020/07/6Wkl6G9fG0eY9Zt3.pdf|
000000066|Warhammer Quest: Blackstone Fortress – The Dreaded Ambull|Boxset|8||16.02.2019 0:00:00||
000000067|Games Workshop: Slaanesh Daemon Datasheets|Datasheet|8|1.0|29.05.2019 0:00:00|https://www.warhammer-community.com/wp-content/uploads/2019/05/40K_8th_ed_Slaanesh_Daemon_Datasheets_ver_1.0.pdf|
000000068|Games Workshop: Battle Tanks and Troop Transports Rules Preview|Datasheet|8||21.06.2019 0:00:00|https://www.warhammer-community.com/2019/06/21/rules-preview-battle-tanks-and-troop-transportsgw-homepage-post-3/|
000000069|Index Astartes: Crimson Fists|White Dwarf|8||01.01.2019 0:00:00||
000000070|Chaos Knights|Codex|9|Indomitus 1.0|07.05.2022 0:00:00|https://www.warhammer-community.com/wp-content/uploads/2022/06/Fzz1k6HMLwZA4S3M.pdf|
000000071|Index Astartes: Blood Ravens|White Dwarf|8||01.07.2019 0:00:00||
000000072|Forge World: Chaos Knights|Datasheet|8||25.07.2019 0:00:00|https://www.warhammer-community.com/wp-content/uploads/2019/07/Chaos_Knights_FW_Army_List.pdf|
000000073|Forge World: Imperial Knights|Datasheet|8||25.07.2019 0:00:00|https://www.warhammer-community.com/wp-content/uploads/2019/07/Imperial_Knights_FW_Army_List.pdf|
000000074|Index Xenos: Ynnari|White Dwarf|8|1.1|27.09.2019 0:00:00|https://www.warhammer-community.com/wp-content/uploads/2019/05/warhammer_40000_Index_Ynnari_en.pdf|
000000075|Repulsor Executioner Update|Datasheet|8||30.07.2019 0:00:00|https://www.warhammer-community.com/wp-content/uploads/2019/07/warhammer_40000_repulsor_executioner_update_en.pdf|
000000076|Space Marines II|Codex|8|Indomitus 1.0|13.07.2020 0:00:00|https://www.warhammer-community.com/wp-content/uploads/2019/09/z0F4GiSc1Rd5B9wi.pdf|
000000077|Ultramarines|Supplement|8|Indomitus 1.4|04.02.2022 0:00:00|https://www.warhammer-community.com/wp-content/uploads/2019/09/sdZpjYFcZlqG8Ofh.pdf|
000000078|White Scars|Supplement|8|Indomitus 1.1|05.10.2020 0:00:00|https://www.warhammer-community.com/wp-content/uploads/2020/10/jLT7pYPR8tNdmEB2.pdf|
000000079|Warhammer Quest: Blackstone Fortress – Traitor Command|Boxset|8||03.07.2019 0:00:00||
000000080|Warhammer Quest: Blackstone Fortress – Escalation|Boxset|8||24.08.2019 0:00:00||
000000081|Games Workshop: Lord Felthius and the Tainted Cohort|Datasheet|8||16.12.2017 0:00:00||
000000082|Raven Guard|Supplement|8|Indomitus 1.1|05.10.2020 0:00:00|https://www.warhammer-community.com/wp-content/uploads/2020/10/Ln4npESRPiSD0rLq.pdf|
000000083|Iron Hands|Supplement|8|Indomitus 1.2|02.06.2021 0:00:00|https://www.warhammer-community.com/wp-content/uploads/2019/10/FJIa4wQZbBN1i85E.pdf|
000000084|Imperial Fists|Supplement|8|Indomitus 1.1|05.10.2020 0:00:00|https://www.warhammer-community.com/wp-content/uploads/2020/10/Pg7SNcXHy0BwUCW4.pdf|
000000085|Salamanders|Supplement|8|Indomitus 1.2|04.02.2022 0:00:00|https://www.warhammer-community.com/wp-content/uploads/2019/11/NZPwBPmiDC0yzE3z.pdf|
000000086|Heretic Astartes Daemonkin|Codex|8|1.0|06.03.2019 0:00:00||
000000087|Psychic Awakening: Phoenix Rising|Expansion|8|Indomitus 1.2|02.06.2021 0:00:00|https://www.warhammer-community.com/wp-content/uploads/2019/11/Ht81fCWlwF3cBl3H.pdf|
000000088|Games Workshop: Da Red Gobbo|Datasheet|8||19.11.2019 0:00:00|https://www.warhammer-community.com/wp-content/uploads/2019/11/d4758fa7.pdf|
000000089|Forge World: Carnodon Tank|Datasheet|8||14.09.2018 0:00:00|https://www.forgeworld.co.uk/resources/PDF/Downloads//Carnodon_Datasheet.pdf|
000000090|Psychic Awakening: Faith & Fury|Expansion|8|Indomitus 1.2|02.06.2021 0:00:00|https://www.warhammer-community.com/wp-content/uploads/2020/01/aU6W48EyMSPi21Tn.pdf|
000000091|Chapter Approved ’2019|Expansion|8||10.02.2020 0:00:00|https://www.warhammer-community.com/wp-content/uploads/2020/02/8fa9c5ab.pdf|
000000092|Index Imperialis: Inquisition|White Dwarf|8|1.0|01.11.2019 0:00:00||
000000093|Psychic Awakening: Blood of Baal|Expansion|8|Indomitus 1.2|02.06.2021 0:00:00|https://www.warhammer-community.com/wp-content/uploads/2020/01/zMqiej6p5O6bTJ6L.pdf|
000000094|Warhammer Legends: Orks|Datasheet|8||04.12.2019 0:00:00|https://www.warhammer-community.com/wp-content/uploads/2019/12/7661dd41.pdf|
000000095|Warhammer Legends: Thousand Sons|Datasheet|8||04.12.2019 0:00:00|https://www.warhammer-community.com/wp-content/uploads/2019/12/25553ac3.pdf|
000000096|Warhammer Legends: Space Marines|Datasheet|8||04.12.2019 0:00:00|https://www.warhammer-community.com/wp-content/uploads/2019/12/8243d6f9.pdf|
000000097|Warhammer Legends: Space Wolves|Datasheet|8||04.12.2019 0:00:00|https://www.warhammer-community.com/wp-content/uploads/2019/12/0c0ed4ed.pdf|
000000098|Warhammer Legends: Deathwatch|Datasheet|8||04.12.2019 0:00:00|https://www.warhammer-community.com/wp-content/uploads/2019/12/b8c82775.pdf|
000000099|Warhammer Legends: Inquisition|Datasheet|8||04.12.2019 0:00:00|https://www.warhammer-community.com/wp-content/uploads/2019/12/bd01e2da.pdf|
000000100|Warhammer Legends: Tyranids|Datasheet|8||04.12.2019 0:00:00|https://www.warhammer-community.com/wp-content/uploads/2019/12/5bd7f70c.pdf|
000000101|Warhammer Legends: Blood Angels|Datasheet|8||04.12.2019 0:00:00|https://www.warhammer-community.com/wp-content/uploads/2019/12/543e3d27.pdf|
000000102|Warhammer Legends: Death Guard|Datasheet|8||04.12.2019 0:00:00|https://www.warhammer-community.com/wp-content/uploads/2019/12/0a6bf313.pdf|
000000103|Warhammer Legends: Chaos Daemons|Datasheet|8||04.12.2019 0:00:00|https://www.warhammer-community.com/wp-content/uploads/2019/12/a2ea59e3.pdf|
000000104|Warhammer Legends: Legion of the Damned|Datasheet|8||04.12.2019 0:00:00|https://www.warhammer-community.com/wp-content/uploads/2019/12/36e76afc.pdf|
000000105|Warhammer Legends: Astra Militarum|Datasheet|8||04.12.2019 0:00:00|https://www.warhammer-community.com/wp-content/uploads/2019/12/b8a09e3d.pdf|
000000106|Warhammer Legends: Grey Knights|Datasheet|8||04.12.2019 0:00:00|https://www.warhammer-community.com/wp-content/uploads/2019/12/e23d0007.pdf|
000000107|Warhammer Legends: Dark Angels|Datasheet|8||04.12.2019 0:00:00|https://www.warhammer-community.com/wp-content/uploads/2019/12/b45a1e60.pdf|
000000108|Warhammer Legends: Craftworlds|Datasheet|8||04.12.2019 0:00:00|https://www.warhammer-community.com/wp-content/uploads/2019/12/84d4072d.pdf|
000000109|Warhammer Legends: Chaos Space Marines|Datasheet|9||19.07.2022 0:00:00|https://www.warhammer-community.com/wp-content/uploads/2022/07/jeUu1qy1uTAxb3tF.pdf|
000000110|Warhammer Legends: Drukhari|Datasheet|8||04.12.2019 0:00:00|https://www.warhammer-community.com/wp-content/uploads/2019/12/f51f9967.pdf|
000000111|Warhammer Legends: Adepta Sororitas|Datasheet|8||04.12.2019 0:00:00|https://www.warhammer-community.com/wp-content/uploads/2019/12/c579975b.pdf|
000000112|Adepta Sororitas|Codex|9|Indomitus 1.1|04.02.2022 0:00:00|https://www.warhammer-community.com/wp-content/uploads/2020/01/dOhJrI4sapCSm822.pdf|
000000113|Index Imperialis: Sisters of Silence|White Dwarf|8|1.0|01.10.2019 0:00:00||
000000114|Psychic Awakening: Ritual of the Damned|Expansion|8|Indomitus 1.3|07.01.2021 0:00:00|https://www.warhammer-community.com/wp-content/uploads/2020/02/u7b80MERZDlZcUDa.pdf|
000000115|Forge World: Carab Culln the Risen|Datasheet|8||01.01.2017 0:00:00|https://www.forgeworld.co.uk/resources/PDF/Downloads/Carab_Culln_The_Risen_2017.pdf|
000000116|Psychic Awakening: The Greater Good|Expansion|8|Indomitus 1.5|04.07.2022 0:00:00|https://www.warhammer-community.com/wp-content/uploads/2020/03/iKMFQgvNMzjme1ss.pdf|
000000117|Forge World: Warbringer Nemesis Titan|Datasheet|8||26.11.2018 0:00:00|https://www.forgeworld.co.uk/resources/fw_site/fw_pdfs/Warhammer_40000/40k_Warbringer_Nemesis_Titan_datasheet.pdf|
000000118|Psychic Awakening: Saga of the Beast|Expansion|8|Indomitus 1.4|07.01.2021 0:00:00|https://www.warhammer-community.com/wp-content/uploads/2020/07/3gTYEbJNxSoiJBfr.pdf|
000000119|Additional Rules: Deathwatch|White Dwarf|8|Indomitus 1.0|27.07.2020 0:00:00|https://www.warhammer-community.com/wp-content/uploads/2020/07/e5p0hRGrsecWjzNZ.pdf|
000000120|Psychic Awakening: Engine War|Expansion|8|Indomitus 1.3|04.02.2022 0:00:00|https://www.warhammer-community.com/wp-content/uploads/2020/07/wJrAxd26JhRz2B0I.pdf|
000000121|Black Library Celebration 2020: Valerian and Aleya|Datasheet|8|Indomitus 1.0|07.01.2021 0:00:00|https://www.warhammer-community.com/wp-content/uploads/2021/01/PST8p3g31an1BqAf.pdf|
000000122|Psychic Awakening: War of the Spider|Expansion|8|Indomitus 1.4|04.02.2022 0:00:00|https://www.warhammer-community.com/wp-content/uploads/2020/07/VXO1CdVZDRexbsb1.pdf|
000000123|Additional Rules: Harlequins|White Dwarf|8|Indomitus 1.0|27.07.2020 0:00:00|https://www.warhammer-community.com/wp-content/uploads/2020/07/Ci9HOZRm3e63zp6u.pdf|
000000124|Psychic Awakening: Pariah|Expansion|8|Indomitus 1.2|02.06.2021 0:00:00|https://www.warhammer-community.com/wp-content/uploads/2020/07/mmAFGPOiu0rTo1yJ.pdf|
000000125|Warhammer Quest: Blackstone Fortress – Deadly Alliance|Boxset|8||24.03.2020 0:00:00||
000000126|PISTOL|Dummy|0||01.01.0001 0:00:00||
000000127|RAPID FIRE|Dummy|0||01.01.0001 0:00:00||
000000128|GRENADE|Dummy|0||01.01.0001 0:00:00||
000000129|ASSAULT|Dummy|0||01.01.0001 0:00:00||
000000130|HEAVY|Dummy|0||01.01.0001 0:00:00||
000000131|Skull (Detachment)|Dummy|0||01.01.0001 0:00:00||
000000132|Chapter Approved ’2020|Expansion|9|Indomitus 1.2|07.01.2021 0:00:00|https://www.warhammer-community.com/wp-content/uploads/2020/08/nnjnTVNO9s0YfZpc.pdf|
000000133|Forge World: Casan Sabius|Datasheet|8||02.12.2017 0:00:00|https://www.forgeworld.co.uk/resources/PDF/Downloads/Sabius_Karagon__2017.pdf|
000000134|Core Book update|Rulebook|9|Indomitus 1.5|04.07.2022 0:00:00|https://www.warhammer-community.com/wp-content/uploads/2020/08/3zWhh17AqvICN69m.pdf|
000000135|Indomitus: The Edge of Silence|Boxset|9|Indomitus 1.1|23.07.2020 0:00:00|https://www.warhammer-community.com/wp-content/uploads/2020/07/WwmEkmb1MyUp2pPp.pdf|
000000136|Bullets (Upgrades)|Dummy|0||01.01.0001 0:00:00||
000000137|Wahapedian Commentary|Wahapedian Commentary|0||01.01.0001 0:00:00||
000000138|Warhammer 40,000|Rulebook|8||01.01.0001 0:00:00||
000000139|Space Marines|Codex|9|Indomitus 1.3|04.02.2022 0:00:00|https://www.warhammer-community.com/wp-content/uploads/2019/09/moc245s67mWNRmHb.pdf|
000000140|Index Astartes: Blood Angels|Index|9||05.10.2020 0:00:00|https://www.warhammer-community.com/wp-content/uploads/2020/10/v68YXckia2D69azL.pdf|
000000141|Index Astartes: Dark Angels|Index|9||09.11.2020 0:00:00|https://www.warhammer-community.com/wp-content/uploads/2019/09/dBVOuwxpsMDtr1td.pdf|
000000142|Index Astartes: Deathwatch|Index|9||05.10.2020 0:00:00|https://www.warhammer-community.com/wp-content/uploads/2020/10/rLCZMRuhVxZsxTuV.pdf|
000000143|Index Astartes: Black Templars|Index|9||09.11.2020 0:00:00|https://www.warhammer-community.com/wp-content/uploads/2020/11/AEYZRo4J2jW94LCM.pdf|
000000144|Index Astartes: Space Wolves|Index|9||09.11.2020 0:00:00|https://www.warhammer-community.com/wp-content/uploads/2020/10/GamaHDmpGRQShG3u.pdf|
000000145|Warhammer Legends: Forge World|Index|9|1.0|17.12.2020 0:00:00|https://www.warhammer-community.com/wp-content/uploads/2020/11/1qpk5gayVm5VmR4f.pdf|
000000146|Imperial Armour: Compendium|Index|9|Indomitus 1.5|04.07.2022 0:00:00|https://www.warhammer-community.com/wp-content/uploads/2020/12/ZOKjuO6KcMH6vzOd.pdf|
000000147|Warhammer Quest: Blackstone Fortress – Ascension|Boxset|9||24.08.2020 0:00:00||
000000148|Munitorum Field Manual|Rulebook|9|Mk I|04.02.2021 0:00:00|https://www.warhammer-community.com/wp-content/uploads/2020/08/gxruRl769G2olA3v.pdf|
000000149|Index Astartes: Silver Templars|White Dwarf|9||01.09.2020 0:00:00||
000000150|Index Astartes: Tome Keepers|White Dwarf|8||01.05.2020 0:00:00||
000000151|Index Astartes: Emperor’s Spears|White Dwarf|9||01.01.2021 0:00:00||
000000152|Index Astartes: Exorcists|White Dwarf|9||01.03.2021 0:00:00||
000000153|Warzone Charadon: Act I – Book of Rust|Expansion|9|Indomitus 1.0|04.02.2022 0:00:00|https://www.warhammer-community.com/wp-content/uploads/2022/02/31lBSIBQ1VuPtCTQ.pdf|
000000154|Piety and Pain|Boxset|9|Indomitus 1.1|02.06.2021 0:00:00|https://www.warhammer-community.com/wp-content/uploads/2021/04/1e7mAAqhYXWt9C4W.pdf|
000000155|Black Library Celebration 2021: Uriel Ventris|Datasheet|9||17.02.2021 0:00:00||
000000156|Index Xenos: Goff Orks|White Dwarf|8||01.05.2020 0:00:00||
000000157|Index Hereticus: The Fallen|White Dwarf|9||01.05.2021 0:00:00||
000000158|Warhammer Fest Online: Day 3 – Black Library|Datasheet|9||05.05.2021 0:00:00||
000000159|Chapter Approved ’2021|Expansion|9|Indomitus 1.0|16.07.2021 0:00:00|https://www.warhammer-community.com/wp-content/uploads/2020/08/avrnaSw2qT2uauyT.pdf|
000000160|Index Astartes: Tome Keepers Crusade Rules|White Dwarf|9||01.06.2021 0:00:00||
000000161|Warzone Charadon: Act II – Book of Fire|Expansion|9|Indomitus 1.0|20.08.2021 0:00:00|https://www.warhammer-community.com/wp-content/uploads/2021/08/eQnTCCEgaOTkWLCg.pdf|
000000162|Black Templars|Codex Supplement|9|Indomitus 1.0|24.11.2021 0:00:00|https://www.warhammer-community.com/wp-content/uploads/2021/11/ZVMKKbFuFGI5ek81.pdf|
000000163|Index Astartes: Wolfspear|White Dwarf|9||01.09.2021 0:00:00||
000000164|Torchbearers Crusade Force|White Dwarf|9||01.07.2021 0:00:00||
000000165|Kill Team: Chalnath – Sisters Novitiate Squad|Datasheet|9||28.10.2021 0:00:00|https://www.warhammer-community.com/wp-content/uploads/2021/10/iUPP5s4nIM1PLtd9.pdf|
000000166|The Balance Dataslate|Rulebook|9|Q3|22.06.2022 0:00:00|https://www.warhammer-community.com/wp-content/uploads/2022/04/UeSNmXryOfMolf39.pdf|
000000167|Warzone Octarius – Book 1: Rising Tide|Expansion|9|Indomitus 1.2|04.07.2022 0:00:00|https://www.warhammer-community.com/wp-content/uploads/2021/12/s1N4ZVvq0p4HTjht.pdf|
000000168|Warzone Octarius – Book 2: Critical Mass|Expansion|9||21.11.2021 0:00:00||
000000169|Chapter Approved Mission Pack: Tactical Deployment|Expansion|9|Indomitus 1.2|04.02.2022 0:00:00|https://www.warhammer-community.com/wp-content/uploads/2021/01/kXl29RRtdJ2mrXYL.pdf|
000000170|Grand Tournament 2021 Mission Pack|Expansion|9|Indomitus 1.0|16.07.2021 0:00:00|https://www.warhammer-community.com/wp-content/uploads/2020/08/RuosDYybaqPbpxTi.pdf|
000000171|Crusade Mission Pack: Beyond the Veil|Expansion|9|Indomitus 1.2|04.02.2022 0:00:00|https://www.warhammer-community.com/wp-content/uploads/2021/01/bdHWpVIfqahEYKJQ.pdf|
000000172|Crusade Mission Pack: Containment|Expansion|9||16.10.2021 0:00:00||
000000173|Crusade Mission Pack: Catastrophe|Expansion|9||31.10.2021 0:00:00||
000000174|Da Red Gobbo on Bounca|White Dwarf|9||01.12.2021 0:00:00||
000000175|Army of Renown: Crusher Stampede|White Dwarf|9||01.12.2021 0:00:00||
000000176|War Zone Nachmund: Vigilus Alone|Expansion|9|Indomitus 1.0|16.03.2022 0:00:00|https://www.warhammer-community.com/wp-content/uploads/2022/03/w72HCZ4hj88oTDP1.pdf|
000000177|Chapter Approved ’2022|Expansion|9|Indomitus 1.0|16.03.2022 0:00:00|https://www.warhammer-community.com/wp-content/uploads/2022/03/l7HMwjs20r7R53Gx.pdf|
000000178|Tau 1|Dummy|0||01.01.0001 0:00:00||
000000179|Tau 2|Dummy|0||01.01.0001 0:00:00||
000000180|Tau 3|Dummy|0||01.01.0001 0:00:00||
000000181|War Zone Nachmund: Grand Tournament Mission Pack|Expansion|9|Indomitus 1.0|16.03.2022 0:00:00|https://www.warhammer-community.com/wp-content/uploads/2019/10/zBkOtTfPzAqsQBnR.pdf|
000000182|Warhammer Store Anniversary 2022: Inquisitor Erasmus Cartavolnus|Datasheet|9||03.01.2022 0:00:00||
000000183|Hexfire|Boxset|9|Indomitus 1.0|17.09.2021 0:00:00|https://www.warhammer-community.com/wp-content/uploads/2021/09/0DyyCKSpmhhOc2w9.pdf|
000000184|Power Rating Update 2022|Rulebook|9||16.03.2022 0:00:00|https://www.warhammer-community.com/wp-content/uploads/2020/08/wRzHkacP0NPxYL3d.pdf|
000000185|Warhammer Store Anniversary 2022: Primaris Company Champion|Datasheet|9||03.01.2022 0:00:00||
000000186|Aeldari|Codex|9|Indomitus 1.0|13.04.2022 0:00:00|https://www.warhammer-community.com/wp-content/uploads/2022/04/KwezMUywLlb0D4xy.pdf|
000000187|Eldritch Omens|Boxset|9||30.01.2022 0:00:00||
000000188|Crusade Mission Pack: Wars of Faith|Expansion|9||01.01.0001 0:00:00||
000000189|Crusade Mission Pack: Amidst the Ashes|Expansion|9||01.01.0001 0:00:00||
000000190|Shadow Throne|Boxset|9||11.12.2021 0:00:00||
000000191|Crusade Mission Pack: Plague Purge|Expansion|9||01.01.0001 0:00:00||
000000192|Index Xenos: Altansar|White Dwarf|9||01.02.2022 0:00:00||
000000193|War Zone Nachmund: Rift War|Expansion|9|Indomitus 1.0|06.07.2022 0:00:00|https://www.warhammer-community.com/wp-content/uploads/2022/07/SquPvArlOaAcAvFi.pdf|
000000194|Horus Heresy: Kratos|Datasheet|9||07.06.2022 0:00:00|https://www.warhammer-community.com/wp-content/uploads/2022/06/dgaIUEhxTojLsvsi.pdf|
000000195|Munitorum Field Manual 2022 Mk II|Expansion|9||26.07.2022 0:00:00|https://www.warhammer-community.com/wp-content/uploads/2022/06/sEQa5gnEMqHaE7yW.pdf|
000000196|War Zone Nephilim: Grand Tournament Mission Pack|Expansion|9|Indomitus 1.0|10.08.2022 0:00:00|https://www.warhammer-community.com/wp-content/uploads/2022/08/RXanBpMcjvZfhnwC.pdf|
000000197|Index: World Eaters|White Dwarf|9|Indomitus 1.0|17.08.2022 0:00:00|https://www.warhammer-community.com/wp-content/uploads/2019/09/Do1k9XQGiMeS56lF.pdf|
